Label,# Samples,Average,Min,Max,Std. Dev.,Error %,Throughput,Received KB/sec,Sent KB/sec,Avg. Bytes,,Ramp-up
get staff info,100,3,2,22,1.99346432122574,0,10.0989699050697,6.24282026358312,2.07107781256312,633,,100/10
TOTAL,100,3,2,22,1.99346432122574,0,10.0989699050697,6.24282026358312,2.07107781256312,633,,
