Label,# Samples,Average,Min,Max,Std. Dev.,Error %,Throughput,Received KB/sec,Sent KB/sec,Avg. Bytes,,Ramp-up
payWithPaypal,1000,14929,1194,28608,7802.49753253348,0,7.79095314520778,4.04764362622123,52.157144498808,532,,1000/100
TOTAL,1000,14929,1194,28608,7802.49753253348,0,7.79095314520778,4.04764362622123,52.157144498808,532,,
,,,,,,,,,,,,
payWithCash,1000,5,3,16,1.63639970667316,0,10.011212558065,4.82962793328528,67.0916269972369,494,,1000/100
TOTAL,1000,5,3,16,1.63639970667316,0,10.011212558065,4.82962793328528,67.0916269972369,494,,
,,,,,,,,,,,,
get staff info,100,3,2,22,1.99346432122574,0,10.0989699050697,6.24282026358312,2.07107781256312,633,,100/10
TOTAL,100,3,2,22,1.99346432122574,0,10.0989699050697,6.24282026358312,2.07107781256312,633,,
